temperature,pH,turbidity,pathogen_present
21.24,6.15,2.62,1
38.52,7.4,2.47,0
31.96,8.56,9.06,1
27.96,8.06,2.5,0
14.68,8.32,2.72,0
14.68,7.81,7.59,1
11.74,7.92,4.5,0
35.99,8.47,7.77,1
28.03,6.37,0.65,1
31.24,7.21,4.88,0
10.62,6.27,0.34,1
39.1,8.96,0.63,1
34.97,8.8,9.06,1
16.37,5.64,1.39,1
15.45,7.97,5.32,1
15.5,8.74,4.11,1
19.13,6.13,3.47,1
25.74,7.49,9.0,1
22.96,8.7,0.22,1
18.74,5.62,6.64,1
28.36,7.94,9.63,1
14.18,6.54,5.6,1
18.76,8.74,9.37,1
20.99,8.9,0.52,1
23.68,8.8,4.19,1
33.56,7.16,2.6,0
15.99,8.52,7.31,1
25.43,8.46,9.81,1
27.77,6.62,2.57,0
11.39,8.4,6.54,1
28.23,5.63,1.98,1
15.12,7.59,5.65,1
11.95,6.31,4.64,1
38.47,5.92,9.72,1
38.97,5.77,6.09,1
34.25,7.94,3.5,0
19.14,6.69,1.14,0
12.93,8.04,1.51,0
30.53,5.73,2.25,1
23.2,6.6,2.51,0
13.66,7.39,8.51,1
24.86,8.27,5.61,1
11.03,6.62,5.23,1
37.28,7.69,1.15,0
17.76,8.6,8.6,1
29.88,7.66,7.23,1
19.35,6.32,0.68,1
25.6,5.59,7.08,1
26.4,8.55,5.44,1
15.55,5.57,0.82,1
39.09,8.56,4.58,1
33.25,7.35,4.85,0
38.18,8.79,1.66,1
36.84,8.3,9.46,1
27.94,8.99,8.5,1
37.66,6.73,6.69,1
12.65,8.19,4.62,0
15.88,6.91,4.12,0
11.36,7.18,6.51,1
19.76,7.7,5.45,1
21.66,8.56,0.62,1
18.14,8.94,5.13,1
34.86,8.19,8.06,1
20.7,6.96,4.59,0
18.43,6.97,0.52,0
26.28,8.08,7.86,1
14.23,6.34,2.01,1
34.07,5.89,2.59,1
12.24,6.74,1.65,0
39.61,6.51,3.3,0
33.17,6.54,7.57,1
15.96,6.32,5.19,1
10.17,5.65,2.05,1
34.46,5.56,8.78,1
31.21,8.96,8.8,1
31.87,7.0,8.71,1
33.14,6.85,2.39,0
12.22,7.88,4.51,0
20.75,6.26,9.85,1
13.48,8.82,7.72,1
35.89,8.25,0.27,0
28.7,5.81,0.65,1
19.93,6.96,4.64,0
11.91,8.58,9.09,1
19.33,8.81,5.39,1
19.76,7.14,4.98,0
31.89,7.65,1.05,0
29.13,6.08,6.57,1
36.62,8.97,8.22,1
24.17,6.31,3.8,1
13.59,8.8,7.76,1
31.4,7.77,9.64,1
32.82,7.63,2.04,0
26.84,7.29,5.23,1
33.13,6.31,2.87,1
24.81,6.12,7.93,1
25.68,6.27,5.78,1
22.83,6.15,6.35,1
10.76,8.23,7.98,1
13.24,6.73,3.96,0
10.94,5.7,9.15,1
29.09,8.89,5.33,1
19.43,8.59,1.58,1
25.26,8.75,6.96,1
37.23,8.98,7.93,1
17.48,6.11,3.17,1
22.31,6.89,8.57,1
32.67,8.15,9.06,1
16.86,7.94,2.77,0
12.31,6.04,9.84,1
18.69,8.36,1.41,0
14.84,6.29,2.02,1
37.89,6.28,1.84,1
34.24,7.38,8.94,1
29.0,7.58,6.54,1
36.14,7.53,1.52,0
34.11,5.82,4.4,1
15.6,8.57,6.15,1
36.78,6.43,0.83,1
26.18,5.95,8.82,1
34.22,8.61,8.04,1
36.88,8.84,5.05,1
19.54,8.52,9.67,1
13.3,8.33,4.18,0
16.84,7.79,9.84,1
22.81,7.43,6.68,1
34.54,5.8,6.35,1
35.82,6.93,1.66,0
10.21,6.8,8.82,1
25.32,6.41,4.27,1
22.52,8.03,1.62,0
16.66,7.24,0.13,0
13.6,5.78,5.6,1
20.13,6.27,5.27,1
38.29,7.89,7.19,1
19.7,5.77,8.9,1
25.56,8.48,0.79,0
31.09,7.23,7.31,1
20.91,7.18,1.87,0
39.15,7.57,8.58,1
38.87,8.39,8.19,1
17.55,6.72,5.41,1
24.92,7.87,7.1,1
19.03,7.48,3.14,0
18.55,6.43,4.71,1
11.11,8.58,8.22,1
28.29,8.29,4.59,0
25.08,7.8,3.58,0
11.54,8.48,4.94,0
18.36,8.54,8.28,1
37.25,7.98,3.35,0
17.19,8.43,1.74,0
14.35,7.94,7.12,1
24.68,7.88,8.26,1
39.57,7.67,1.01,0
17.26,8.13,2.4,0
30.16,6.06,1.42,1
32.85,8.58,3.48,1
17.13,8.55,4.5,1
31.85,5.6,7.49,1
21.03,8.39,6.51,1
28.97,5.95,6.21,1
29.01,6.67,3.52,0
26.07,8.1,8.41,1
12.71,6.06,4.71,1
35.06,8.36,9.79,1
19.62,8.41,6.34,1
15.6,7.28,1.26,0
11.22,5.52,6.76,1
27.73,6.5,3.25,0
30.33,7.66,6.86,1
10.5,8.93,0.7,1
25.36,7.71,1.75,0
16.79,6.41,8.56,1
29.36,7.72,2.27,0
15.23,7.39,8.37,1
30.73,8.23,2.79,0
21.6,5.87,6.43,1
38.1,8.16,6.94,1
14.13,7.39,5.13,1
20.23,8.87,3.05,1
13.4,6.7,2.13,0
37.74,7.71,0.33,0
36.32,8.76,3.04,1
17.74,5.86,6.53,1
29.8,8.78,9.38,1
34.52,7.91,8.71,1
26.66,5.74,7.66,1
25.89,6.55,7.88,1
17.26,7.98,6.65,1
12.79,5.74,2.6,1
36.92,7.54,9.07,1
37.01,6.71,6.71,1
28.99,7.67,5.6,1
20.17,5.66,1.11,1
20.48,8.55,4.47,1
31.78,8.91,4.6,1
36.91,8.89,8.65,1
36.61,8.12,5.47,1
33.4,5.96,3.8,1
29.26,8.15,9.77,1
12.52,5.59,1.11,1
14.85,5.58,4.23,1
36.96,6.63,0.42,0
28.19,7.21,7.4,1
10.28,8.2,9.18,1
13.04,7.89,2.8,0
29.91,7.06,8.58,1
10.15,6.46,2.92,1
14.82,8.99,9.11,1
26.46,6.99,7.54,1
30.76,7.08,8.05,1
29.56,6.07,0.18,1
16.73,8.28,9.63,1
31.37,7.93,7.27,1
17.12,6.27,3.05,1
19.76,5.79,8.29,1
32.39,7.88,2.82,0
29.49,7.79,8.73,1
35.48,6.46,1.13,1
29.73,8.83,7.04,1
27.05,6.03,5.41,1
12.81,7.01,0.97,0
21.03,8.8,2.42,1
17.96,6.97,0.12,0
17.32,7.73,4.69,0
39.19,6.89,3.01,0
21.79,6.46,5.98,1
36.76,8.94,2.97,1
28.93,6.93,3.0,0
33.84,8.63,7.43,1
25.08,6.3,0.48,1
27.31,6.25,9.03,1
24.78,5.61,8.52,1
15.86,7.78,6.68,1
31.67,6.79,5.93,1
18.42,8.53,8.92,1
10.73,7.16,1.85,0
29.36,8.89,0.79,1
15.31,6.15,2.4,1
38.21,8.54,7.95,1
38.62,8.22,0.35,0
37.45,8.2,5.83,1
21.1,8.46,9.95,1
10.46,8.16,8.56,1
37.85,7.69,5.21,1
22.85,5.96,0.64,1
39.0,5.61,8.31,1
38.91,8.72,5.99,1
35.59,7.66,1.15,0
18.83,8.29,0.94,0
21.55,7.19,9.1,1
35.53,5.91,6.69,1
19.51,5.94,8.29,1
15.08,7.9,8.79,1
26.7,7.01,5.72,1
38.08,6.2,5.17,1
30.88,7.22,4.3,0
27.1,5.72,3.17,1
12.92,7.54,4.35,0
28.45,6.44,7.74,1
39.7,8.29,6.02,1
14.2,6.59,8.93,1
25.55,7.09,4.43,0
36.32,5.54,6.07,1
32.22,5.75,6.31,1
30.91,6.87,5.92,1
31.07,7.18,7.03,1
20.78,7.6,2.37,0
18.81,6.52,5.12,1
34.28,7.93,1.04,0
34.3,8.51,3.85,1
36.01,8.23,4.88,0
37.4,5.64,6.52,1
25.34,7.18,9.51,1
25.05,5.87,6.01,1
33.95,6.35,7.44,1
29.5,8.95,5.06,1
31.06,6.0,6.34,1
33.87,7.25,0.71,0
36.7,7.66,2.54,0
20.14,7.96,3.62,0
21.27,7.46,4.72,0
12.82,5.53,0.46,1
27.35,6.64,1.4,0
11.08,7.31,2.77,0
23.97,5.81,9.72,1
26.28,6.73,3.31,0
18.6,5.62,4.82,1
27.72,5.78,1.96,1
10.92,6.89,6.11,1
11.12,5.96,2.81,1
34.68,7.49,2.07,0
20.81,7.91,5.17,1
13.81,8.3,0.06,0
25.67,6.2,0.08,1
33.1,6.09,2.19,1
16.47,5.87,0.37,1
28.69,7.73,1.08,0
12.56,7.97,3.39,0
11.55,5.61,8.03,1
25.94,8.78,5.72,1
26.22,5.68,5.13,1
29.12,7.39,2.93,0
31.78,7.98,9.32,1
39.28,8.55,3.97,1
25.49,8.0,0.87,0
19.69,8.31,6.17,1
33.86,6.69,1.14,0
18.12,8.35,3.45,0
23.17,5.78,5.07,1
12.35,8.63,8.74,1
10.76,7.42,4.94,0
38.88,8.36,7.02,1
35.08,7.08,9.93,1
30.88,7.75,1.31,0
22.27,7.34,2.75,0
15.2,8.06,3.95,0
14.69,5.79,4.22,1
17.51,5.71,4.11,1
26.48,6.36,9.08,1
31.44,6.06,7.14,1
29.81,8.55,6.08,1
18.4,6.27,3.09,1
38.65,8.92,8.24,1
32.14,6.68,9.55,1
26.63,6.14,8.21,1
28.35,8.26,0.02,0
22.59,7.81,6.36,1
17.43,7.24,0.51,0
20.68,7.44,2.58,0
32.74,8.02,0.6,0
10.43,6.3,6.04,1
13.48,8.99,6.87,1
11.38,8.91,1.14,1
11.22,7.78,3.84,0
35.66,6.2,4.56,1
31.11,7.88,3.69,0
24.23,5.75,1.21,1
12.94,5.61,4.19,1
24.75,6.4,7.51,1
24.2,7.12,0.71,0
15.2,8.54,0.8,1
23.02,8.05,3.55,0
21.96,8.1,9.42,1
28.48,6.99,6.69,1
29.05,6.71,6.79,1
11.36,6.8,3.62,0
21.24,8.96,5.94,1
28.78,5.64,0.1,1
25.09,8.53,6.36,1
35.69,7.53,9.13,1
29.76,7.04,6.13,1
14.89,8.04,8.74,1
12.12,7.2,7.24,1
29.27,8.56,1.21,1
10.8,8.65,9.02,1
27.57,6.98,0.66,0
38.21,6.47,5.34,1
27.26,7.57,1.42,0
21.65,8.69,0.12,1
29.3,6.24,4.22,1
23.75,7.68,2.95,0
26.37,7.71,4.86,0
38.24,8.07,5.77,1
21.58,5.96,0.44,1
38.84,8.01,1.23,0
37.16,8.68,5.59,1
15.87,6.13,3.43,1
12.08,6.33,7.29,1
13.02,8.9,6.52,1
10.55,6.13,8.46,1
12.83,8.49,6.92,1
30.49,7.22,4.3,0
12.14,6.37,6.73,1
19.57,8.55,2.75,1
35.35,7.06,3.06,0
10.7,7.3,7.89,1
34.43,6.76,4.46,0
18.46,7.58,7.98,1
13.54,6.07,8.22,1
30.9,6.87,8.58,1
28.87,8.89,9.17,1
36.32,6.4,4.31,1
32.05,7.8,3.19,0
34.1,6.64,5.82,1
18.46,8.21,3.71,0
15.32,5.96,6.01,1
32.52,8.89,7.06,1
34.21,7.09,6.88,1
39.72,6.33,3.75,1
22.38,5.76,1.67,1
21.16,6.09,4.31,1
33.29,7.32,1.43,0
20.22,6.68,8.9,1
37.92,8.4,3.46,0
35.75,7.01,1.54,0
22.87,6.37,0.25,1
32.53,7.66,6.46,1
32.64,7.97,6.37,1
13.09,6.08,3.41,1
37.08,6.09,0.72,1
25.16,5.63,4.1,1
34.79,8.08,3.11,0
19.6,7.82,6.77,1
36.87,7.16,6.06,1
21.68,8.45,3.65,0
10.33,8.32,2.18,0
37.16,7.55,9.88,1
12.74,8.54,4.54,1
19.58,6.22,6.88,1
38.5,5.89,1.41,1
38.52,6.44,4.86,1
27.2,5.7,0.28,1
28.96,7.36,5.05,1
23.45,8.78,9.64,1
18.8,5.64,3.84,1
19.86,5.93,0.39,1
30.18,7.08,0.31,0
32.57,8.77,3.88,1
33.75,6.61,1.6,0
33.69,7.28,0.23,0
12.74,5.65,7.56,1
24.83,6.02,4.59,1
11.73,8.95,2.89,1
26.49,8.88,9.0,1
23.25,5.52,1.16,1
36.63,8.83,9.56,1
20.53,7.74,3.14,0
13.51,8.54,8.88,1
14.29,7.09,6.03,1
32.85,7.3,8.27,1
28.55,7.21,9.84,1
13.03,7.83,2.88,0
12.52,5.99,9.61,1
31.03,5.6,3.89,1
12.18,6.58,3.86,0
34.66,7.97,3.4,0
31.19,6.21,5.41,1
12.44,7.86,1.54,0
12.55,8.89,5.54,1
39.6,5.83,5.42,1
21.23,7.85,7.62,1
21.12,7.05,8.34,1
34.38,8.54,4.4,1
38.42,6.12,3.02,1
39.58,7.92,2.59,0
32.6,8.43,1.95,0
21.29,8.81,0.58,1
12.51,7.89,3.42,0
33.31,7.24,2.7,0
26.75,7.66,9.66,1
22.73,8.54,5.58,1
37.19,7.5,3.47,0
13.34,5.61,5.8,1
24.78,8.76,1.39,1
10.34,7.91,4.44,0
24.06,7.87,6.26,1
11.69,6.25,4.89,1
13.56,7.81,4.02,0
13.53,6.88,9.94,1
29.48,7.78,8.8,1
32.38,5.87,6.23,1
27.5,7.8,5.69,1
38.87,9.0,6.21,1
21.25,5.67,2.01,1
18.57,8.92,3.95,1
36.06,6.92,0.39,0
16.71,8.55,4.76,1
38.9,8.24,5.43,1
10.36,7.48,2.28,0
39.1,8.08,9.64,1
11.29,8.57,9.09,1
36.73,6.91,7.22,1
25.83,6.64,5.33,1
39.79,7.84,8.7,1
12.21,8.33,1.31,0
26.62,8.17,7.91,1
39.08,8.29,1.25,0
25.69,7.02,7.94,1
28.88,8.36,2.76,0
30.87,5.92,8.77,1
23.64,7.41,9.44,1
28.83,5.52,1.49,1
27.53,6.64,4.63,0
37.03,6.78,9.81,1
11.36,6.89,4.83,0
18.43,7.93,8.64,1
38.51,6.86,5.89,1
36.71,7.07,3.75,0
23.67,6.33,2.86,1
28.6,6.81,2.03,0
18.32,6.3,7.62,1
15.64,5.76,3.87,1
23.91,7.61,5.11,1
20.6,7.84,4.92,0
27.51,7.67,5.77,1
12.33,7.12,8.66,1
39.23,6.83,9.81,1
39.59,8.52,4.08,1
30.94,7.32,8.28,1
26.08,7.18,7.65,1
19.29,5.59,5.74,1
34.41,6.69,9.56,1
30.54,6.83,2.0,0
14.88,6.9,1.09,0
37.33,7.53,8.54,1
34.68,7.37,4.39,0
38.49,7.63,8.47,1
31.77,8.18,8.93,1
28.4,8.35,0.62,0
22.55,8.01,8.83,1
37.98,8.84,4.48,1
35.98,5.56,5.1,1
11.36,6.19,6.27,1
10.79,5.53,9.26,1
21.29,7.77,0.19,0
34.32,8.64,4.77,1
39.62,6.35,6.88,1
14.51,8.74,7.23,1
27.82,5.71,6.93,1
21.43,8.77,1.34,1
39.1,6.73,2.99,0
35.26,5.85,3.59,1
35.15,7.2,8.04,1
24.06,6.4,2.79,1
22.44,6.5,2.11,0
18.2,6.58,9.57,1
11.69,8.31,0.09,0
35.94,7.39,9.98,1
34.39,6.59,6.77,1
39.99,7.64,8.28,1
39.9,8.01,2.95,0
26.66,6.45,0.14,1
33.07,6.95,7.38,1
38.34,5.93,8.34,1
35.49,6.13,7.4,1
17.42,7.88,1.43,0
23.52,6.14,7.53,1
13.87,7.34,7.69,1
38.62,7.98,6.59,1
28.19,5.87,7.66,1
16.86,7.49,8.46,1
30.15,6.4,6.14,1
28.54,8.87,0.89,1
20.74,7.19,4.88,0
13.41,8.32,0.78,0
30.15,7.43,4.08,0
25.61,5.65,4.07,1
33.17,7.72,0.66,0
25.6,8.83,3.49,1
35.57,7.61,1.11,0
26.56,8.37,8.08,1
26.83,8.59,9.48,1
36.3,6.3,0.72,1
22.1,6.24,9.55,1
14.02,7.64,5.23,1
10.86,6.94,3.0,0
32.65,8.44,0.77,0
28.61,8.65,5.01,1
31.12,6.74,7.95,1
16.39,6.33,7.07,1
14.09,8.23,0.5,0
10.44,6.46,0.73,1
20.52,8.38,4.03,0
27.7,6.98,2.95,0
21.77,7.84,2.32,0
23.12,5.83,2.81,1
37.12,7.68,8.03,1
20.45,7.08,9.29,1
25.42,7.55,4.05,0
33.51,6.09,9.06,1
21.9,8.08,3.21,0
28.66,8.52,4.76,1
35.87,6.26,2.26,1
38.49,5.84,6.4,1
14.41,5.58,9.79,1
37.8,7.75,6.03,1
24.76,7.62,3.58,0
17.75,7.41,6.48,1
23.77,6.31,1.23,1
39.4,6.87,8.89,1
24.78,7.58,5.03,1
19.86,7.24,4.49,0
29.0,8.96,5.86,1
17.2,5.98,6.25,1
12.28,7.93,0.72,0
13.87,6.92,6.83,1
13.84,7.0,2.42,0
14.56,8.01,7.14,1
14.16,7.92,8.23,1
29.23,8.97,8.04,1
15.46,5.95,5.53,1
20.37,5.86,5.2,1
36.9,8.04,1.43,0
24.22,7.52,7.75,1
30.03,6.46,2.71,1
15.17,5.78,4.97,1
15.77,5.8,2.84,1
11.23,8.63,1.34,1
15.07,6.17,6.3,1
18.36,6.63,0.54,0
15.31,6.29,7.49,1
12.66,6.74,3.18,0
13.62,5.74,0.0,1
23.82,7.32,5.11,1
16.19,5.74,0.47,1
20.93,8.3,2.76,0
25.1,6.32,7.07,1
30.71,7.39,0.63,0
11.18,8.58,8.39,1
33.98,7.78,0.04,0
28.84,7.37,2.47,0
12.45,6.64,7.41,1
36.21,6.67,3.16,0
37.63,7.84,1.02,0
11.83,8.98,3.6,1
18.31,7.82,2.7,0
34.19,7.45,8.43,1
32.45,8.06,3.13,0
15.54,7.13,7.89,1
16.28,5.71,8.92,1
21.11,7.47,4.34,0
24.54,8.85,9.1,1
28.55,6.11,3.77,1
21.07,7.92,9.64,1
23.88,6.2,0.89,1
32.42,7.38,6.87,1
11.1,5.84,4.94,1
17.57,7.08,3.88,0
31.4,8.15,6.33,1
36.86,6.72,7.04,1
25.35,7.83,0.04,0
25.96,8.28,1.67,0
13.22,8.75,7.13,1
23.42,6.32,6.66,1
25.98,6.9,9.66,1
17.27,6.03,7.61,1
18.08,8.97,9.51,1
21.32,8.74,7.03,1
10.6,7.39,2.98,0
19.66,8.45,1.05,0
16.34,7.32,7.82,1
19.82,7.68,6.44,1
13.59,5.81,0.48,1
36.72,8.14,3.6,0
27.81,5.95,9.57,1
30.37,8.39,5.0,0
33.68,8.24,4.33,0
24.95,7.98,4.58,0
12.61,5.63,2.09,1
26.11,6.56,3.69,0
27.61,6.42,3.7,1
32.36,6.76,0.52,0
22.95,5.81,7.68,1
13.83,8.78,4.17,1
18.51,7.44,8.22,1
20.89,6.57,8.5,1
29.38,6.89,2.12,0
27.12,7.07,6.57,1
20.68,7.6,4.72,0
39.6,7.3,8.8,1
28.17,8.72,2.16,1
17.12,7.24,6.78,1
13.05,8.97,6.08,1
14.59,8.48,2.95,0
17.38,6.23,1.37,1
14.82,8.76,6.52,1
15.6,5.91,7.39,1
18.55,8.36,3.16,0
15.2,6.83,6.45,1
36.9,8.57,3.95,1
12.41,8.54,7.13,1
25.74,8.32,1.99,0
22.31,8.27,8.9,1
39.47,6.57,2.87,0
13.36,5.78,3.68,1
21.94,6.91,0.58,0
39.08,6.11,1.12,1
35.97,7.93,5.16,1
34.51,6.71,2.68,0
17.74,8.91,8.35,1
15.13,7.74,0.15,0
30.06,8.38,3.79,0
37.88,5.96,3.37,1
26.7,8.52,0.19,1
27.15,8.73,1.24,1
18.4,7.2,4.14,0
33.08,7.62,4.93,0
15.61,8.18,4.04,0
19.71,6.11,5.31,1
22.76,7.26,5.95,1
25.23,6.9,0.1,0
17.27,6.01,4.64,1
13.45,6.79,9.63,1
28.32,5.74,5.19,1
18.66,5.59,6.78,1
27.44,5.97,3.12,1
14.63,8.87,7.74,1
24.43,7.42,7.73,1
25.98,8.88,5.21,1
11.55,7.01,9.76,1
20.1,6.59,1.26,0
14.03,7.27,0.17,0
11.9,7.04,7.7,1
39.7,5.87,8.07,1
19.67,7.74,1.2,0
34.3,6.26,2.66,1
17.64,7.67,0.18,0
30.45,7.78,2.93,0
32.81,6.03,7.73,1
27.87,5.71,5.18,1
24.15,8.23,3.48,0
22.36,7.11,3.72,0
20.47,5.7,0.01,1
37.89,8.98,3.0,1
34.92,5.7,6.46,1
38.95,7.93,9.74,1
13.73,8.94,8.47,1
31.93,6.34,0.24,1
38.15,6.0,8.99,1
15.44,5.92,7.83,1
11.99,6.56,7.8,1
32.23,5.85,4.58,1
27.23,7.92,3.98,0
35.25,5.72,3.03,1
14.19,7.28,0.66,0
33.86,8.99,2.28,1
16.05,8.35,2.47,0
14.91,7.65,4.84,0
14.93,6.57,7.47,1
34.44,7.68,4.74,0
29.96,7.34,0.58,0
25.69,6.99,9.58,1
20.76,5.96,9.43,1
36.32,8.6,7.85,1
21.77,7.07,9.91,1
34.5,6.18,5.44,1
23.17,6.79,9.63,1
21.31,6.95,0.76,0
23.88,8.4,3.66,0
19.04,8.07,2.25,0
32.43,8.19,1.96,0
25.08,5.54,1.41,1
16.97,6.96,6.22,1
36.99,7.18,7.81,1
21.52,5.57,5.78,1
26.31,6.41,1.47,1
37.19,8.16,8.11,1
28.73,5.98,6.36,1
13.51,7.37,3.88,0
38.19,6.25,6.74,1
28.83,5.54,2.6,1
20.05,6.34,3.45,1
14.18,8.92,9.17,1
33.82,8.31,2.91,0
28.6,8.86,4.7,1
26.0,7.21,8.9,1
36.82,5.88,7.08,1
33.66,7.42,0.62,0
14.55,7.09,1.47,0
19.35,8.46,0.08,0
17.45,5.84,6.31,1
32.32,7.21,4.48,0
11.01,6.03,1.34,1
27.1,6.64,9.58,1
32.87,8.08,5.3,1
36.3,7.17,2.42,0
20.26,6.82,5.01,1
34.64,6.88,6.8,1
13.32,7.11,0.76,0
35.39,8.25,2.75,0
13.82,8.62,8.07,1
21.92,8.84,4.6,1
33.92,8.25,5.47,1
14.5,6.6,4.33,0
16.88,7.91,0.44,0
31.67,7.03,1.66,0
31.6,6.39,4.46,1
29.23,8.44,2.09,0
30.82,5.63,0.5,1
26.28,8.66,8.44,1
17.55,7.12,9.81,1
20.37,7.73,7.93,1
15.45,7.81,8.54,1
37.25,8.63,2.42,1
27.5,7.73,9.61,1
22.03,7.65,1.97,0
23.86,5.73,9.51,1
38.42,7.31,9.95,1
14.6,6.03,7.12,1
27.59,8.08,9.81,1
25.18,7.29,5.7,1
28.34,7.88,2.6,0
10.54,5.65,4.37,1
36.16,5.8,5.94,1
37.96,8.01,0.73,0
26.95,5.75,6.22,1
30.9,5.75,9.81,1
37.67,5.54,1.9,1
31.22,8.85,7.93,1
14.58,8.08,9.08,1
27.29,6.74,9.44,1
28.2,6.54,9.6,1
22.72,6.72,5.21,1
32.09,8.21,9.77,1
38.03,7.81,7.57,1
37.77,6.15,1.62,1
23.53,6.11,4.77,1
13.4,5.84,7.18,1
39.55,7.81,2.47,0
35.17,8.18,6.41,1
13.74,6.43,6.67,1
37.63,5.57,1.63,1
36.1,5.79,5.65,1
25.57,8.89,7.72,1
27.74,6.53,4.99,0
21.97,8.19,0.12,0
11.64,7.69,0.09,0
20.06,6.84,3.57,0
34.09,6.22,9.26,1
10.14,5.92,2.29,1
20.0,7.65,6.34,1
21.95,8.21,2.22,0
26.12,7.75,3.22,0
37.6,7.36,8.48,1
20.39,5.65,7.29,1
20.41,8.89,0.95,1
32.13,8.3,4.29,0
23.57,6.52,0.29,0
16.74,8.93,4.81,1
23.57,7.61,6.62,1
14.23,7.54,1.19,0
15.29,8.12,2.89,0
24.95,8.34,3.98,0
22.57,7.8,9.2,1
37.45,5.95,9.93,1
20.87,6.68,0.45,0
27.42,8.75,7.61,1
28.97,6.29,3.72,1
10.39,6.8,3.92,0
29.91,7.01,7.54,1
15.34,7.04,9.18,1
38.83,7.65,9.51,1
14.46,8.8,5.77,1
22.44,6.34,3.57,1
12.56,5.93,7.88,1
39.91,6.19,2.51,1
25.07,8.6,5.64,1
27.86,7.76,3.59,0
12.01,6.5,6.57,1
32.5,8.36,2.4,0
16.3,8.51,1.92,1
36.94,8.46,9.18,1
16.15,8.72,1.02,1
15.72,6.38,5.06,1
11.1,8.14,2.21,0
24.16,7.11,0.39,0
26.95,8.45,0.36,0
11.97,8.05,1.75,0
33.27,8.22,8.67,1
23.6,7.8,2.82,0
25.73,6.12,9.5,1
23.22,7.41,5.82,1
22.02,8.95,4.37,1
26.79,8.78,5.8,1
14.66,5.65,5.17,1
15.46,6.08,7.59,1
35.85,5.96,2.82,1
38.38,8.04,3.53,0
21.2,8.36,8.94,1
18.12,6.25,9.46,1
29.32,7.27,8.93,1
22.26,8.44,4.19,0
10.76,8.06,7.8,1
14.68,7.4,4.76,0
31.48,7.57,4.98,0
29.77,7.28,2.05,0
10.81,6.54,5.91,1
16.66,7.48,1.86,0
16.93,7.91,3.32,0
30.16,8.56,8.55,1
10.59,7.73,2.07,0
13.12,8.16,0.71,0
34.0,6.06,0.69,1
15.36,7.12,9.41,1
29.58,5.53,5.07,1
17.15,6.36,4.09,1
12.98,8.04,8.11,1
17.3,8.97,8.36,1
31.67,5.85,3.32,1
35.67,6.91,6.94,1
34.91,8.3,7.71,1
21.92,6.21,6.55,1
30.04,7.44,1.52,0
16.15,8.07,8.76,1
18.79,7.66,5.39,1
36.89,6.16,2.82,1
10.39,6.74,4.25,0
12.57,8.24,0.38,0
16.24,7.44,1.28,0
10.8,5.52,7.66,1
15.44,8.16,0.0,0
27.49,5.62,4.17,1
22.64,8.11,5.23,1
36.78,6.21,0.55,1
34.52,8.85,9.73,1
20.25,6.79,2.26,0
17.78,6.64,3.04,0
21.39,6.02,3.04,1
27.71,6.57,2.3,0
18.04,8.57,0.01,1
28.72,8.99,7.29,1
22.28,6.79,9.67,1
26.56,7.07,2.24,0
23.08,8.03,6.63,1
18.83,8.6,7.42,1
38.45,7.58,8.48,1
32.91,6.87,4.23,0
14.2,6.94,3.03,0
36.05,7.93,3.25,0
24.62,5.51,7.13,1
36.84,7.67,8.17,1
34.0,6.74,1.82,0
22.76,8.28,3.71,0
10.67,5.83,9.02,1
18.06,7.56,8.07,1
26.25,7.18,9.85,1
29.0,7.75,7.54,1
17.74,5.73,3.93,1
14.18,7.53,5.91,1
35.05,7.47,6.61,1
39.53,7.46,0.78,0
25.77,7.61,5.44,1
15.15,7.87,7.09,1
18.17,8.32,1.67,0
10.55,6.44,7.81,1
37.43,8.39,5.84,1
13.53,7.24,9.52,1
27.3,5.77,0.42,1
18.22,5.7,2.65,1
26.63,6.67,6.02,1
29.54,8.25,2.97,0
34.89,7.98,7.14,1
16.19,8.26,7.59,1
10.33,7.31,1.03,0
14.11,7.04,5.14,1
37.0,6.02,5.09,1
36.22,6.65,3.69,0
27.92,7.02,9.33,1
28.02,5.81,8.28,1
29.95,6.27,6.97,1
15.26,7.59,7.14,1
37.43,8.07,4.62,0
22.56,8.99,9.21,1
21.49,8.77,6.95,1
25.57,7.75,7.29,1
11.41,6.97,8.62,1
14.99,7.73,2.74,0
32.14,8.25,8.07,1
12.48,5.91,1.95,1
28.09,6.93,3.45,0
17.36,8.44,3.36,0
21.68,6.84,9.79,1
18.66,7.5,8.57,1
20.67,7.56,7.01,1
31.57,6.15,7.27,1
18.91,6.77,5.62,1
26.99,6.67,9.47,1
24.28,5.59,4.96,1
29.91,5.58,3.81,1
38.1,8.41,1.63,0
31.98,6.46,7.86,1
16.45,7.31,7.34,1
10.94,6.55,3.84,0
17.87,8.79,0.25,1
27.85,6.41,8.39,1
11.54,7.0,0.11,0
24.89,8.55,7.04,1
27.91,8.45,9.7,1
20.03,6.15,4.38,1
33.13,8.31,2.35,0
13.2,7.1,7.05,1
12.25,7.19,8.17,1
31.85,5.97,5.46,1
24.86,5.78,9.67,1
30.65,8.05,0.52,0
23.04,7.24,5.05,1
17.39,7.03,7.18,1
34.57,8.05,8.63,1
33.98,8.18,1.79,0
30.84,6.06,8.0,1
18.16,7.64,5.53,1
27.71,5.97,3.97,1
20.83,8.13,1.32,0
12.75,7.8,8.65,1
37.52,8.85,1.57,1
14.1,5.74,3.1,1
38.51,5.7,2.9,1
23.38,6.49,8.71,1
